Date,Adj Close
5/27/2015,132.03999
5/26/2015,129.62
5/22/2015,132.53999
5/21/2015,131.39
5/20/2015,130.06
5/19/2015,130.07001
5/18/2015,130.19
5/15/2015,128.77
5/14/2015,128.95
5/13/2015,126.01
5/12/2015,125.87
5/11/2015,126.32
5/8/2015,127.62
5/7/2015,125.26
5/6/2015,124.49
5/5/2015,125.27671
5/4/2015,128.16464
5/1/2015,128.4136
4/30/2015,124.62942
4/29/2015,128.1049
4/28/2015,130.01691
4/27/2015,132.09821
4/24/2015,129.73807
4/23/2015,129.13062
4/22/2015,128.08498
4/21/2015,126.3821
4/20/2015,127.06922
4/17/2015,124.23108
4/16/2015,125.64517
4/15/2015,126.25263
4/14/2015,125.77464
4/13/2015,126.32234
4/10/2015,126.5713
4/9/2015,126.03355
4/8/2015,125.07755
4/7/2015,125.48584
4/6/2015,126.82026
4/2/2015,124.79871
4/1/2015,123.73316
3/31/2015,123.91241
3/30/2015,125.84435
3/27/2015,122.73732
3/26/2015,123.7232
3/25/2015,122.86678
3/24/2015,126.16301
3/23/2015,126.68085
3/20/2015,125.3763
3/19/2015,126.96964
3/18/2015,127.93561
3/17/2015,126.51155
3/16/2015,124.43024
3/13/2015,123.0759
3/12/2015,123.93233
3/11/2015,121.73151
3/10/2015,123.99208
3/9/2015,126.61114
3/6/2015,126.07338
3/5/2015,125.88418
3/4/2015,128.00531
3/3/2015,128.8219
3/2/2015,128.55302
2/27/2015,127.92565
2/26/2015,129.87749
2/25/2015,128.25427
2/24/2015,131.62021
2/23/2015,132.44676
2/20/2015,128.96132
2/19/2015,127.91569
2/18/2015,128.18457
2/17/2015,127.29827
2/13/2015,126.55139
2/12/2015,125.93397
2/11/2015,124.36053
2/10/2015,121.51243
2/9/2015,119.222
2/6/2015,118.43529
2/5/2015,119.44109
2/4/2015,118.59462
2/3/2015,117.69197
2/2/2015,117.67213
1/30/2015,116.214
1/29/2015,117.93996
1/28/2015,114.37894
1/27/2015,108.25876
1/26/2015,112.18678
1/23/2015,112.06776
1/22/2015,111.49244
1/21/2015,108.66545
1/20/2015,107.84216
1/16/2015,105.13419
1/15/2015,105.95749
1/14/2015,108.91344
1/13/2015,109.33004
1/12/2015,108.36787
1/9/2015,111.10559
1/8/2015,110.98656
1/7/2015,106.87998
1/6/2015,105.40202
1/5/2015,105.3921
1/2/2015,108.44723
12/31/2014,109.48875
12/30/2014,111.61147
12/29/2014,112.99025
12/26/2014,113.0696
12/24/2014,111.10559
12/23/2014,111.63131
12/22/2014,112.02808
12/19/2014,110.87744
12/18/2014,111.74042
12/17/2014,108.52658
12/16/2014,105.88805
12/15/2014,107.35611
12/12/2014,108.844
12/11/2014,110.71873
12/10/2014,111.04607
12/9/2014,113.19855
12/8/2014,111.49244
12/5/2014,114.07144
12/4/2014,114.55749
12/3/2014,114.99393
12/2/2014,113.70443
12/1/2014,114.14088
11/28/2014,117.96971
11/26/2014,118.03915
11/25/2014,116.65045
11/24/2014,117.67213
11/21/2014,115.52958
11/20/2014,115.37086
11/19/2014,113.74411
11/18/2014,114.53765
11/17/2014,113.0696
11/14/2014,113.25806
11/13/2014,111.90904
11/12/2014,110.35172
11/11/2014,108.81423
11/10/2014,107.95126
11/7/2014,108.12981
11/6/2014,107.82231
11/5/2014,107.51482
11/4/2014,107.25803
11/3/2014,108.04815
10/31/2014,106.66544
10/30/2014,105.65805
10/29/2014,106.0136
10/28/2014,105.42101
10/27/2014,103.81116
10/24/2014,103.9198
10/23/2014,103.53461
10/22/2014,101.71735
10/21/2014,101.20378
10/20/2014,98.52727
10/17/2014,96.46309
10/16/2014,95.07052
10/15/2014,96.3347
10/14/2014,97.52975
10/13/2014,98.57664
10/10/2014,99.48528
10/9/2014,99.77169
10/8/2014,99.55442
10/7/2014,97.52975
10/6/2014,98.389
10/3/2014,98.389
10/2/2014,98.66553
10/1/2014,97.95443
9/30/2014,99.50504
9/29/2014,98.87294
9/26/2014,99.50504
9/25/2014,96.66062
9/24/2014,100.49268
9/23/2014,101.37167
9/22/2014,99.8112
9/19/2014,99.71244
9/18/2014,100.53218
9/17/2014,100.32478
9/16/2014,99.61367
9/15/2014,100.37415
9/12/2014,100.40379
9/11/2014,100.17663
9/10/2014,99.75195
9/9/2014,96.77914
9/8/2014,97.14457
9/5/2014,97.74703
9/4/2014,96.90753
9/3/2014,97.7174
9/2/2014,102.02353
8/29/2014,101.23341
8/28/2014,100.9865
8/27/2014,100.86798
8/26/2014,99.6433
8/25/2014,100.28527
8/22/2014,100.06799
8/21/2014,99.33714
8/20/2014,99.32726
8/19/2014,99.28775
8/18/2014,97.93468
8/15/2014,96.76926
8/14/2014,96.2952
8/13/2014,96.03841
8/12/2014,94.7841
8/11/2014,94.80385
8/8/2014,93.5693
8/7/2014,93.31252
8/6/2014,93.32239
8/5/2014,93.47963
8/4/2014,93.94152
8/1/2014,94.47221
7/31/2014,93.95135
7/30/2014,96.45737
7/29/2014,96.6834
7/28/2014,97.31237
7/25/2014,95.98565
7/24/2014,95.35669
7/23/2014,95.51393
7/22/2014,93.08652
7/21/2014,92.31998
7/18/2014,92.80153
7/17/2014,91.48463
7/16/2014,93.14549
7/15/2014,93.67618
7/14/2014,94.78669
7/11/2014,93.5779
7/10/2014,93.40101
7/9/2014,93.74497
7/8/2014,93.70566
7/7/2014,94.31497
7/3/2014,92.40842
7/2/2014,91.86791
7/1/2014,91.90722
6/30/2014,91.32739
6/27/2014,90.39378
6/26/2014,89.33241
6/25/2014,88.80172
6/24/2014,88.72309
6/23/2014,89.26361
6/20/2014,89.34223
6/19/2014,90.27585
6/18/2014,90.59033
6/17/2014,90.49206
6/16/2014,90.60998
6/13/2014,89.70585
6/12/2014,90.69843
6/11/2014,92.24136
6/10/2014,92.62463
6/9/2014,92.08411
6/6/2014,90.63386
6/5/2014,90.88375
6/4/2014,90.52856
6/3/2014,89.50649
6/2/2014,88.25838
5/30/2014,88.86911
5/29/2014,89.20324
5/28/2014,87.60696
5/27/2014,87.8344
5/23/2014,86.21988
5/22/2014,85.25678
5/21/2014,85.12199
5/20/2014,84.89737
5/19/2014,84.88052
5/16/2014,83.88654
5/15/2014,82.66652
5/14/2014,83.3755
5/13/2014,83.36007
5/12/2014,83.2295
5/9/2014,82.20602
5/8/2014,82.55
5/7/2014,82.6974
5/6/2014,82.9878
5/5/2014,83.90228
5/2/2014,82.73232
5/1/2014,82.57873
4/30/2014,82.38467
4/29/2014,82.6974
4/28/2014,82.94313
4/25/2014,79.85068
4/24/2014,79.26849
4/23/2014,73.26231
4/22/2014,74.23262
4/21/2014,74.15863
4/17/2014,73.28884
4/16/2014,72.46093
4/15/2014,72.31434
4/14/2014,72.83369
4/11/2014,72.5447
4/10/2014,73.085
4/9/2014,74.03996
4/8/2014,73.07941
4/7/2014,73.08361
4/4/2014,74.24938
4/3/2014,75.22249
4/2/2014,75.74743
4/1/2014,75.62178
3/31/2014,74.93627
3/28/2014,74.95303
3/27/2014,75.0368
3/26/2014,75.3607
3/25/2014,76.08809
3/24/2014,75.27833
3/21/2014,74.39598
3/20/2014,73.81378
3/19/2014,74.1712
3/18/2014,74.19075
3/17/2014,73.54015
3/14/2014,73.25393
3/13/2014,74.08602
3/12/2014,74.91813
3/11/2014,74.84554
3/10/2014,74.12373
3/7/2014,74.05671
3/6/2014,74.09999
3/5/2014,74.32477
3/4/2014,74.16841
3/3/2014,73.68255
2/28/2014,73.47033
2/27/2014,73.66998
2/26/2014,72.22916
2/25/2014,72.88675
2/24/2014,73.65323
2/21/2014,73.33212
2/20/2014,74.15584
2/19/2014,75.02424
2/18/2014,76.22771
2/14/2014,75.94848
2/13/2014,76.0099
2/12/2014,74.82179
2/11/2014,74.82738
2/10/2014,73.85427
2/7/2014,72.55447
2/6/2014,71.55344
2/5/2014,71.13879
2/4/2014,70.61141
2/3/2014,69.60384
1/31/2014,69.47478
1/30/2014,69.36098
1/29/2014,69.4956
1/28/2014,70.29359
1/27/2014,76.40005
1/24/2014,75.78525
1/23/2014,77.18835
1/22/2014,76.54022
1/21/2014,76.20159
1/17/2014,75.03581
1/16/2014,76.92049
1/15/2014,77.35211
1/14/2014,75.82965
1/13/2014,74.35023
1/10/2014,73.96303
1/9/2014,74.45987
1/8/2014,75.42302
1/7/2014,74.94838
1/6/2014,75.48826
1/3/2014,75.07884
1/2/2014,76.76505
12/31/2013,77.86005
12/30/2013,76.95795
12/27/2013,77.73099
12/26/2013,78.25974
12/24/2013,78.78295
12/23/2013,79.11881
12/20/2013,76.19465
12/19/2013,75.56181
12/18/2013,76.43752
12/17/2013,77.02319
12/16/2013,77.37154
12/13/2013,76.94547
12/12/2013,77.79343
12/11/2013,77.90724
12/10/2013,78.48874
12/9/2013,78.61086
12/6/2013,77.72127
12/5/2013,78.81488
12/4/2013,78.41241
12/3/2013,78.5956
12/2/2013,76.50136
11/29/2013,77.17307
11/27/2013,75.76999
11/26/2013,74.02686
11/25/2013,72.68622
11/22/2013,72.13941
11/21/2013,72.32538
11/20/2013,71.47325
11/19/2013,72.10472
11/18/2013,71.97704
11/15/2013,72.8597
11/14/2013,73.29964
11/13/2013,72.2546
11/12/2013,72.16856
11/11/2013,72.03533
11/8/2013,72.24488
11/7/2013,71.12492
11/6/2013,72.29485
11/5/2013,72.50026
11/4/2013,72.67963
11/1/2013,71.75242
10/31/2013,72.12082
10/30/2013,72.42436
10/29/2013,71.29019
10/28/2013,73.1115
10/25/2013,72.57062
10/24/2013,73.39158
10/23/2013,72.43266
10/22/2013,71.73034
10/21/2013,71.93593
10/18/2013,70.21535
10/17/2013,69.60963
10/16/2013,69.14188
10/15/2013,68.80659
10/14/2013,68.44234
10/11/2013,67.99667
10/10/2013,67.55928
10/9/2013,67.13846
10/8/2013,66.35887
10/7/2013,67.29851
10/4/2013,66.64725
10/3/2013,66.69968
10/2/2013,67.54824
10/1/2013,67.32748
9/30/2013,65.78075
9/27/2013,66.60862
9/26/2013,67.08739
9/25/2013,66.44028
9/24/2013,67.48477
9/23/2013,67.69726
9/20/2013,64.49204
9/19/2013,65.16675
9/18/2013,64.11536
9/17/2013,62.82389
9/16/2013,62.10641
9/13/2013,64.14572
9/12/2013,65.22056
9/11/2013,64.53343
9/10/2013,68.24917
9/9/2013,69.84005
9/6/2013,68.74313
9/5/2013,68.3361
9/4/2013,68.80798
9/3/2013,67.41302
8/30/2013,67.22538
8/29/2013,67.84351
8/28/2013,67.73313
8/27/2013,67.41441
8/26/2013,69.39852
8/23/2013,69.12946
8/22/2013,69.39715
8/21/2013,69.31435
8/20/2013,69.13636
8/19/2013,70.05667
8/16/2013,69.31022
8/15/2013,68.70036
8/14/2013,68.78176
8/13/2013,67.54962
8/12/2013,64.48514
8/9/2013,62.70386
8/8/2013,63.60898
8/7/2013,63.73593
8/6/2013,63.77294
8/5/2013,64.34865
8/2/2013,63.40147
8/1/2013,62.59822
7/31/2013,62.02938
7/30/2013,62.13767
7/29/2013,61.37965
7/26/2013,60.44756
7/25/2013,60.10625
7/24/2013,60.38177
7/23/2013,57.43196
7/22/2013,58.43534
7/19/2013,58.24892
7/18/2013,59.18238
7/17/2013,58.98363
7/16/2013,58.96855
7/15/2013,58.59023
7/12/2013,58.46275
7/11/2013,58.56967
7/10/2013,57.67048
7/9/2013,57.89253
7/8/2013,56.8919
7/5/2013,57.21677
7/3/2013,57.68007
7/2/2013,57.36344
7/1/2013,56.09277
6/28/2013,54.35332
6/27/2013,53.97638
6/26/2013,54.56441
6/25/2013,55.18946
6/24/2013,55.17712
6/21/2013,56.67944
6/20/2013,57.13726
6/19/2013,57.98163
6/18/2013,59.18376
6/17/2013,59.21529
6/14/2013,58.94799
6/13/2013,59.75809
6/12/2013,59.24133
6/11/2013,59.98289
6/10/2013,60.15971
6/7/2013,60.55996
6/6/2013,60.10077
6/5/2013,61.0123
6/4/2013,61.588
6/3/2013,61.78128
5/31/2013,61.64557
5/30/2013,61.89916
5/29/2013,60.99037
5/28/2013,60.50925
5/24/2013,61.01779
5/23/2013,60.6052
5/22/2013,60.49691
5/21/2013,60.26525
5/20/2013,60.71348
5/17/2013,59.388
5/16/2013,59.56893
5/15/2013,58.78351
5/14/2013,60.84096
5/13/2013,62.33231
5/10/2013,62.08969
5/9/2013,62.61057
5/8/2013,63.16161
5/7/2013,62.45623
5/6/2013,62.73538
5/3/2013,61.27427
5/2/2013,60.66694
5/1/2013,59.8186
4/30/2013,60.29384
4/29/2013,58.5699
4/26/2013,56.81058
4/25/2013,55.60955
4/24/2013,55.21193
4/23/2013,55.30317
4/22/2013,54.28733
4/19/2013,53.1789
4/18/2013,53.38588
4/17/2013,54.84972
4/16/2013,58.04157
4/15/2013,57.17143
4/12/2013,58.52634
4/11/2013,59.14319
4/10/2013,59.32838
4/9/2013,58.14233
4/8/2013,58.03748
4/5/2013,57.62761
4/4/2013,58.2431
4/3/2013,58.82455
4/2/2013,58.52497
4/1/2013,58.40515
3/28/2013,60.27749
3/27/2013,61.56023
3/26/2013,62.79393
3/25/2013,63.12619
3/22/2013,62.89878
3/21/2013,61.64874
3/20/2013,61.56023
3/19/2013,61.8884
3/18/2013,62.05589
3/15/2013,60.41367
3/14/2013,58.89399
3/13/2013,58.32889
3/12/2013,58.33978
3/11/2013,59.62524
3/8/2013,58.78779
3/7/2013,58.63255
3/6/2013,57.96259
3/5/2013,58.70881
3/4/2013,57.19867
3/1/2013,58.61757
2/28/2013,60.10592
2/27/2013,60.53758
2/26/2013,61.13674
2/25/2013,60.29656
2/22/2013,61.38729
2/21/2013,60.74048
2/20/2013,61.1204
2/19/2013,62.63734
2/15/2013,62.66048
2/14/2013,63.53606
2/13/2013,63.59326
2/12/2013,63.71445
2/11/2013,65.3526
2/8/2013,64.67854
2/7/2013,63.75803
2/6/2013,61.91699
2/5/2013,61.98333
2/4/2013,59.8822
2/1/2013,61.41202
1/31/2013,61.66519
1/30/2013,61.8466
1/29/2013,62.04155
1/28/2013,60.89893
1/25/2013,59.55187
1/24/2013,60.98963
1/23/2013,69.58775
1/22/2013,68.33681
1/18/2013,67.69105
1/17/2013,68.05387
1/16/2013,68.51552
1/15/2013,65.78486
1/14/2013,67.92796
1/11/2013,70.4393
1/10/2013,70.87388
1/9/2013,70.00608
1/8/2013,71.11757
1/7/2013,70.92667
1/4/2013,71.34636
1/3/2013,73.39064
1/2/2013,74.32883
12/31/2012,72.0463
12/28/2012,68.98936
12/27/2012,69.7299
12/26/2012,69.45101
12/24/2012,70.4217
12/21/2012,70.30798
12/20/2012,70.6329
12/19/2012,71.25294
12/18/2012,72.2805
12/17/2012,70.24029
12/14/2012,69.01643
12/13/2012,71.71054
12/12/2012,72.97095
12/11/2012,73.29451
12/10/2012,71.72813
12/7/2012,72.1925
12/6/2012,74.08649
12/5/2012,72.94252
12/4/2012,77.95978
12/3/2012,79.35963
11/30/2012,79.23643
11/29/2012,79.7888
11/28/2012,78.91963
11/27/2012,79.16874
11/26/2012,79.8118
11/23/2012,77.37086
11/21/2012,76.04412
11/20/2012,75.93716
11/19/2012,76.58971
11/16/2012,71.43842
11/15/2012,71.15953
11/14/2012,72.68394
11/13/2012,73.49893
11/12/2012,73.48946
11/9/2012,74.06213
11/8/2012,72.80172
11/7/2012,75.54321
11/6/2012,78.54869
11/5/2012,78.78723
11/2/2012,77.73335
11/1/2012,80.39365
10/31/2012,80.22923
10/26/2012,81.399
10/25/2012,82.14561
10/24/2012,83.12805
10/23/2012,82.66042
10/22/2012,85.44604
10/19/2012,82.18604
10/18/2012,85.25871
10/17/2012,86.87187
10/16/2012,87.56996
10/15/2012,85.54443
10/12/2012,84.86385
10/11/2012,84.64687
10/10/2012,86.37324
10/9/2012,85.69131
10/8/2012,86.00397
10/5/2012,87.94731
10/4/2012,89.86234
10/3/2012,90.48901
10/2/2012,89.12248
10/1/2012,88.86372
9/28/2012,89.90278
9/27/2012,91.81915
9/26/2012,89.64402
9/25/2012,90.77067
9/24/2012,93.0954
9/21/2012,94.34872
9/20/2012,94.1614
9/19/2012,94.61961
9/18/2012,94.59399
9/17/2012,94.30694
9/14/2012,93.16143
9/13/2012,92.04287
9/12/2012,90.2653
9/11/2012,89.02544
9/10/2012,89.31519
9/7/2012,91.70055
9/6/2012,91.13858
9/5/2012,90.32459
9/4/2012,90.96339
8/31/2012,89.65211
8/30/2012,89.46748
8/29/2012,90.76124
8/28/2012,90.94048
8/27/2012,91.05907
8/24/2012,89.37988
8/23/2012,89.30037
8/22/2012,90.14131
8/21/2012,88.41496
8/20/2012,89.63998
8/17/2012,87.34356
8/16/2012,85.75735
8/15/2012,85.01479
8/14/2012,85.13069
8/13/2012,84.90293
8/10/2012,83.78438
8/9/2012,83.65365
8/8/2012,83.17927
8/7/2012,83.32018
8/6/2012,83.54024
8/3/2012,82.62103
8/2/2012,81.55959
8/1/2012,81.42809
7/31/2012,81.95814
7/30/2012,79.84732
7/27/2012,78.52287
7/26/2012,77.14338
7/25/2012,77.15546
7/24/2012,80.6377
7/23/2012,81.0282
7/20/2012,81.09126
7/19/2012,82.43586
7/18/2012,81.35428
7/17/2012,81.44553
7/16/2012,81.44151
7/13/2012,81.18118
7/12/2012,80.36663
7/11/2012,81.1087
7/10/2012,81.61595
7/9/2012,82.37815
7/6/2012,81.30329
7/5/2012,81.84811
7/3/2012,80.43507
7/2/2012,79.51051
6/29/2012,78.3672
6/28/2012,76.36106
6/27/2012,77.09239
6/26/2012,76.76094
6/25/2012,76.59186
6/22/2012,78.11224
6/21/2012,77.51778
6/20/2012,78.60069
6/19/2012,78.82479
6/18/2012,78.60606
6/15/2012,77.04274
6/14/2012,76.69385
6/13/2012,76.77838
6/12/2012,77.31515
6/11/2012,76.64554
6/8/2012,77.87339
6/7/2012,76.71935
6/6/2012,76.68445
6/5/2012,75.5264
6/4/2012,75.72231
6/1/2012,75.27949
5/31/2012,77.52583
5/30/2012,77.71906
5/29/2012,76.79315
5/25/2012,75.45393
5/24/2012,75.86053
5/23/2012,76.56368
5/22/2012,74.74003
5/21/2012,75.3184
5/18/2012,71.17191
5/17/2012,71.13702
5/16/2012,73.2787
5/15/2012,74.23012
5/14/2012,74.90777
5/11/2012,76.04705
5/10/2012,76.55832
5/9/2012,76.3785
5/8/2012,76.24431
5/7/2012,76.41875
5/4/2012,75.85114
5/3/2012,78.07467
5/2/2012,78.6329
5/1/2012,78.11626
4/30/2012,78.36452
4/27/2012,80.91682
4/26/2012,81.54752
4/25/2012,81.85616
4/24/2012,75.1842
4/23/2012,76.71667
4/20/2012,76.88843
4/19/2012,78.82881
4/18/2012,81.63339
4/17/2012,81.8159
4/16/2012,77.84788
4/13/2012,81.21607
4/12/2012,83.56976
4/11/2012,84.03004
4/10/2012,84.33062
4/9/2012,85.37597
4/5/2012,85.03378
4/4/2012,83.77641
4/3/2012,84.44872
4/2/2012,83.01421
3/30/2012,80.45387
3/29/2012,81.83737
3/28/2012,82.87868
3/27/2012,82.45733
3/26/2012,81.4509
3/23/2012,79.9842
3/22/2012,80.42568
3/21/2012,80.84972
3/20/2012,81.31402
3/19/2012,80.66186
3/16/2012,78.57789
3/15/2012,78.57654
3/14/2012,79.11598
3/13/2012,76.23357
3/12/2012,74.0731
3/9/2012,73.15659
3/8/2012,72.72986
3/7/2012,71.21352
3/6/2012,71.15581
3/5/2012,71.54496
3/2/2012,73.15793
3/1/2012,73.06266
2/29/2012,72.79025
2/28/2012,71.84689
2/27/2012,70.55195
2/24/2012,70.10241
2/23/2012,69.29459
2/22/2012,68.84505
2/21/2012,69.08794
2/17/2012,67.37969
2/16/2012,67.39178
2/15/2012,66.78254
2/14/2012,68.36465
2/13/2012,67.44411
2/10/2012,66.21223
2/9/2012,66.17869
2/8/2012,63.96588
2/7/2012,62.91249
2/6/2012,62.26033
2/3/2012,61.68465
2/2/2012,61.07274
2/1/2012,61.21632
1/31/2012,61.25525
1/30/2012,60.7896
1/27/2012,60.02069
1/26/2012,59.66508
1/25/2012,59.93749
1/24/2012,56.41499
1/23/2012,57.35432
1/20/2012,56.40023
1/19/2012,57.39995
1/18/2012,57.58245
1/17/2012,56.99067
1/13/2012,56.33448
1/12/2012,56.5465
1/11/2012,56.70216
1/10/2012,56.79475
1/9/2012,56.59212
1/6/2012,56.68203
1/5/2012,56.09562
1/4/2012,55.47969
1/3/2012,55.18312
12/30/2011,54.34711
12/29/2011,54.36322
12/28/2011,54.03043
12/27/2011,54.55243
12/23/2011,54.12302
12/22/2011,53.48159
12/21/2011,53.19979
12/20/2011,53.1327
12/19/2011,51.28892
12/16/2011,51.12923
12/15/2011,50.85012
12/14/2011,51.01786
12/13/2011,52.17458
12/12/2011,52.58117
12/9/2011,52.82003
12/8/2011,52.42283
12/7/2011,52.21215
12/6/2011,52.46174
12/5/2011,52.73818
12/2/2011,52.29401
12/1/2011,52.05649
11/30/2011,51.28757
11/29/2011,50.07986
11/28/2011,50.4717
11/25/2011,48.78761
11/23/2011,49.24654
11/22/2011,50.52403
11/21/2011,49.5176
11/18/2011,50.31335
11/17/2011,50.6448
11/16/2011,51.63244
11/15/2011,52.17725
11/14/2011,50.89306
11/11/2011,51.61231
11/10/2011,51.69283
11/9/2011,53.04279
11/8/2011,54.51218
11/7/2011,53.63994
11/4/2011,53.70837
11/3/2011,54.08813
11/2/2011,53.32862
11/1/2011,53.20785
10/31/2011,54.31759
10/28/2011,54.34041
10/27/2011,54.30552
10/26/2011,53.75668
10/25/2011,53.37693
10/24/2011,54.45044
10/21/2011,52.71939
10/20/2011,53.04681
10/19/2011,53.49098
10/18/2011,56.66056
10/17/2011,56.35863
10/14/2011,56.62835
10/13/2011,54.80739
10/12/2011,53.97004
10/11/2011,53.71509
10/10/2011,52.17458
10/7/2011,49.62362
10/6/2011,50.63943
10/5/2011,50.75752
10/4/2011,49.98594
10/3/2011,50.26773
9/30/2011,51.16949
9/29/2011,52.41075
9/28/2011,53.27493
9/27/2011,53.57686
9/26/2011,54.10155
9/23/2011,54.25318
9/22/2011,53.92039
9/21/2011,55.30523
9/20/2011,55.48103
9/19/2011,55.2368
9/16/2011,53.74327
9/15/2011,52.73146
9/14/2011,52.24033
9/13/2011,51.61231
9/12/2011,50.98431
9/9/2011,50.65419
9/8/2011,51.5479
9/7/2011,51.51973
9/6/2011,50.95747
9/2/2011,50.19392
9/1/2011,51.13058
8/31/2011,51.6405
8/30/2011,52.33292
8/29/2011,52.33023
8/26/2011,51.47276
8/25/2011,50.14964
8/24/2011,50.47975
8/23/2011,50.13354
8/22/2011,47.83083
8/19/2011,47.77581
8/18/2011,49.1204
8/17/2011,51.0514
8/16/2011,51.05677
8/15/2011,51.44995
8/12/2011,50.58844
8/11/2011,50.14696
8/10/2011,48.80371
8/9/2011,50.18856
8/8/2011,47.39739
8/5/2011,50.13623
8/4/2011,50.63943
8/3/2011,52.67913
8/2/2011,52.18799
8/1/2011,53.24004
7/29/2011,52.39867
7/28/2011,52.57849
7/27/2011,52.68182
7/26/2011,54.13375
7/25/2011,53.47488
7/22/2011,52.77709
7/21/2011,51.9706
7/20/2011,51.91827
7/19/2011,50.56965
7/18/2011,50.16038
7/15/2011,48.96877
7/14/2011,48.0093
7/13/2011,48.04285
7/12/2011,47.46986
7/11/2011,47.50341
7/8/2011,48.26963
7/7/2011,47.93281
7/6/2011,47.20282
7/5/2011,46.89016
7/1/2011,46.0622
6/30/2011,45.0437
6/29/2011,44.82497
6/28/2011,44.98868
6/27/2011,44.55659
6/24/2011,43.79304
6/23/2011,44.44789
6/22/2011,43.29116
6/21/2011,43.65215
6/20/2011,42.31292
6/17/2011,42.97582
6/16/2011,43.63336
6/15/2011,43.84672
6/14/2011,44.61026
6/13/2011,43.82658
6/10/2011,43.73265
6/9/2011,44.48278
6/8/2011,44.58343
6/7/2011,44.55659
6/6/2011,45.36173
6/3/2011,46.08636
6/2/2011,46.44331
6/1/2011,46.36413
5/31/2011,46.67545
5/27/2011,45.27719
5/26/2011,44.95378
5/25/2011,45.19265
5/24/2011,44.57671
5/23/2011,44.87328
5/20/2011,44.98331
5/19/2011,45.69586
5/18/2011,45.6073
5/17/2011,45.10677
5/16/2011,44.72567
5/13/2011,45.69184
5/12/2011,46.50637
5/11/2011,46.59494
5/10/2011,46.89284
5/9/2011,46.64458
5/6/2011,46.51845
5/5/2011,46.53052
5/4/2011,46.90894
5/3/2011,46.72511
5/2/2011,46.46746
4/29/2011,46.98409
4/28/2011,46.53052
4/27/2011,46.98677
4/26/2011,47.02301
4/25/2011,47.37056
4/21/2011,47.06058
4/20/2011,45.94814
4/19/2011,45.33757
4/18/2011,44.53109
4/15/2011,43.94199
4/14/2011,44.60758
4/13/2011,45.10542
4/12/2011,44.60489
4/11/2011,44.39019
4/8/2011,44.96184
4/7/2011,45.36709
4/6/2011,45.36173
4/5/2011,45.47579
4/4/2011,45.78443
4/1/2011,46.23665
3/31/2011,46.7667
3/30/2011,46.78281
3/29/2011,47.09546
3/28/2011,47.02569
3/25/2011,47.1733
3/24/2011,46.29167
3/23/2011,45.51604
3/22/2011,45.78577
3/21/2011,45.53081
3/18/2011,44.37275
3/17/2011,44.90548
3/16/2011,44.28418
3/15/2011,46.35339
3/14/2011,47.44436
3/11/2011,47.23369
3/10/2011,46.51979
3/9/2011,47.2981
3/8/2011,47.73959
3/7/2011,47.6859
3/4/2011,48.30855
3/3/2011,48.2495
3/2/2011,47.25113
3/1/2011,46.87405
2/28/2011,47.39739
2/25/2011,46.71973
2/24/2011,46.01121
2/23/2011,45.97631
2/22/2011,45.43822
2/18/2011,47.04179
2/17/2011,48.08042
2/16/2011,48.72856
2/15/2011,48.29514
2/14/2011,48.19852
2/11/2011,47.88585
2/10/2011,47.57587
2/9/2011,48.06163
2/8/2011,47.66444
2/7/2011,47.21892
2/4/2011,46.49698
2/3/2011,46.08636
2/2/2011,46.20444
2/1/2011,46.29972
1/31/2011,45.53349
1/28/2011,45.1014
1/27/2011,46.05549
1/26/2011,46.14138
1/25/2011,45.81261
1/24/2011,45.28255
1/21/2011,43.8427
1/20/2011,44.64246
1/19/2011,45.46907
1/18/2011,45.71197
1/14/2011,46.76268
1/13/2011,46.38694
1/12/2011,46.21787
1/11/2011,45.84481
1/10/2011,45.95351
1/7/2011,45.10408
1/6/2011,44.78336
1/5/2011,44.8196
1/4/2011,44.45594
1/3/2011,44.22514
12/31/2010,43.28446
12/30/2010,43.43207
12/29/2010,43.6508
12/28/2010,43.67495
12/27/2010,43.56894
12/23/2010,43.42402
12/22/2010,43.63336
12/21/2010,43.50454
12/20/2010,43.23749
12/17/2010,43.02279
12/16/2010,43.10867
12/15/2010,42.98923
12/14/2010,42.97984
12/13/2010,43.16504
12/10/2010,43.01608
12/9/2010,42.90873
12/8/2010,43.07647
12/7/2010,42.70073
12/6/2010,42.96106
12/3/2010,42.5974
12/2/2010,42.69268
12/1/2010,42.45785
11/30/2010,41.75335
11/29/2010,42.52091
11/26/2010,42.26998
11/24/2010,42.24314
11/23/2010,41.42861
11/22/2010,42.0499
11/19/2010,41.16022
11/18/2010,41.38835
11/17/2010,40.32422
11/16/2010,40.47049
11/15/2010,41.20183
11/12/2010,41.33468
11/11/2010,42.49139
11/10/2010,42.67658
11/9/2010,42.41491
11/8/2010,42.75574
11/5/2010,42.55581
11/4/2010,42.70878
11/3/2010,41.97476
11/2/2010,41.51315
11/1/2010,40.81804
10/29/2010,40.38863
10/28/2010,40.96028
10/27/2010,41.30783
10/26/2010,41.33736
10/25/2010,41.44337
10/22/2010,41.25953
10/21/2010,41.53461
10/20/2010,41.67015
10/19/2010,41.53059
10/18/2010,42.67255
10/15/2010,42.23509
10/14/2010,40.5671
10/13/2010,40.27591
10/12/2010,40.06121
10/11/2010,39.63448
10/8/2010,39.46137
10/7/2010,38.81055
10/6/2010,38.80653
10/5/2010,38.77298
10/4/2010,37.39081
10/1/2010,37.91148
9/30/2010,38.07653
9/29/2010,38.5623
9/28/2010,38.49386
9/27/2010,39.07089
9/24/2010,39.22654
9/23/2010,38.7703
9/22/2010,38.61329
9/21/2010,38.07921
9/20/2010,38.00675
9/17/2010,36.95201
9/16/2010,37.11304
9/15/2010,36.26094
9/14/2010,35.97108
9/13/2010,35.83421
9/10/2010,35.3471
9/9/2010,35.30147
9/8/2010,35.28135
9/7/2010,34.59563
9/3/2010,34.72445
9/2/2010,33.8388
9/1/2010,33.59189
8/31/2010,32.62169
8/30/2010,32.54118
8/27/2010,32.42308
8/26/2010,32.24327
8/25/2010,32.59351
8/24/2010,32.1963
8/23/2010,32.984
8/20/2010,33.4993
8/19/2010,33.5315
8/18/2010,33.95957
8/17/2010,33.81195
8/16/2010,33.23091
8/13/2010,33.42683
8/12/2010,33.78781
8/11/2010,33.5731
8/10/2010,34.81033
8/9/2010,35.12434
8/6/2010,34.90158
8/5/2010,35.11763
8/4/2010,35.28939
8/3/2010,35.14849
8/2/2010,35.13776
7/30/2010,34.52048
7/29/2010,34.63589
7/28/2010,35.01833
7/27/2010,35.437
7/26/2010,34.79289
7/23/2010,34.88146
7/22/2010,34.758
7/21/2010,34.11657
7/20/2010,33.80123
7/19/2010,32.95448
7/16/2010,33.53418
7/15/2010,33.74218
7/14/2010,33.91395
7/13/2010,33.78915
7/12/2010,34.52585
7/9/2010,34.83851
7/8/2010,34.6332
7/7/2010,34.71104
7/6/2010,33.36376
7/2/2010,33.13698
7/1/2010,33.34363
6/30/2010,33.75292
6/29/2010,34.37556
6/28/2010,36.00329
6/25/2010,35.78858
6/24/2010,36.09722
6/23/2010,36.36158
6/22/2010,36.74805
6/21/2010,36.25422
6/18/2010,36.77757
6/17/2010,36.48235
6/16/2010,35.86239
6/15/2010,34.84791
6/14/2010,34.12193
6/11/2010,34.01861
6/10/2010,33.61604
6/9/2010,32.63511
6/8/2010,33.4577
6/7/2010,33.67374
6/4/2010,34.34737
6/3/2010,35.30818
6/2/2010,35.41956
6/1/2010,35.00089
5/28/2010,34.47083
5/27/2010,33.99714
5/26/2010,32.75723
5/25/2010,32.90617
5/24/2010,33.11283
5/21/2010,32.51702
5/20/2010,31.90511
5/19/2010,33.32484
5/18/2010,33.8643
5/17/2010,34.11388
5/14/2010,34.06021
5/13/2010,34.66943
5/12/2010,35.16997
5/11/2010,34.42252
5/10/2010,34.08303
5/7/2010,31.65016
5/6/2010,33.04439
5/5/2010,34.3514
5/4/2010,34.71238
5/3/2010,35.74162
4/30/2010,35.03577
4/29/2010,36.04891
4/28/2010,35.10421
4/27/2010,35.16326
4/26/2010,36.16432
4/23/2010,36.34279
4/22/2010,35.75772
4/21/2010,34.78484
4/20/2010,32.82163
4/19/2010,33.15442
4/16/2010,33.19871
4/15/2010,33.40268
4/14/2010,32.96924
4/13/2010,32.53178
4/12/2010,32.513
4/9/2010,32.4459
4/8/2010,32.19899
4/7/2010,32.28621
4/6/2010,32.14397
4/5/2010,32.00307
4/1/2010,31.66491
3/31/2010,31.53475
3/30/2010,31.64881
3/29/2010,31.18451
3/26/2010,30.98456
3/25/2010,30.41426
3/24/2010,30.77925
3/23/2010,30.64373
3/22/2010,30.15929
3/19/2010,29.82382
3/18/2010,30.14588
3/17/2010,30.07475
3/16/2010,30.11904
3/15/2010,30.03718
3/12/2010,30.40755
3/11/2010,30.25994
3/10/2010,30.17137
3/9/2010,29.92715
3/8/2010,29.39843
3/5/2010,29.38099
3/4/2010,28.27526
3/3/2010,28.09008
3/2/2010,28.02567
3/1/2010,28.04445
2/26/2010,27.45804
2/25/2010,27.10646
2/24/2010,26.92665
2/23/2010,26.44357
2/22/2010,26.89444
2/19/2010,27.06218
2/18/2010,27.23126
2/17/2010,27.18027
2/16/2010,27.29433
2/12/2010,26.88907
2/11/2010,26.65961
2/10/2010,26.18324
2/9/2010,26.32681
2/8/2010,26.04905
2/5/2010,26.22886
2/4/2010,25.77127
2/3/2010,26.73476
2/2/2010,26.28253
2/1/2010,26.1309
1/29/2010,25.77261
1/28/2010,26.74281
1/27/2010,27.8955
1/26/2010,27.63517
1/25/2010,27.25005
1/22/2010,26.53615
1/21/2010,27.92101
1/20/2010,28.41213
1/19/2010,28.85631
1/15/2010,27.63383
1/14/2010,28.1035
1/13/2010,28.26721
1/12/2010,27.87404
1/11/2010,28.19474
1/8/2010,28.44569
1/7/2010,28.25782
1/6/2010,28.31015
1/5/2010,28.76774
1/4/2010,28.71809
12/31/2009,28.27795
12/30/2009,28.40006
12/29/2009,28.05922
12/28/2009,28.39603
12/24/2009,28.05117
12/23/2009,27.11988
12/22/2009,26.88639
12/21/2009,26.60056
12/18/2009,26.22483
12/17/2009,25.74577
12/16/2009,26.17116
12/15/2009,26.05575
12/14/2009,26.43283
12/11/2009,26.12285
12/10/2009,26.35902
12/9/2009,26.54286
12/8/2009,25.47874
12/7/2009,25.35528
12/4/2009,25.94169
12/3/2009,26.36573
12/2/2009,26.33219
12/1/2009,26.43149
11/30/2009,26.82601
11/27/2009,26.91725
11/25/2009,27.40034
11/24/2009,27.43388
11/23/2009,27.62712
11/20/2009,26.82735
11/19/2009,26.90652
11/18/2009,27.63786
11/17/2009,27.77742
11/16/2009,27.72776
11/13/2009,27.43523
11/12/2009,27.10512
11/11/2009,27.2742
11/10/2009,27.23797
11/9/2009,27.034
11/6/2009,26.07857
11/5/2009,26.03697
11/4/2009,25.60487
11/3/2009,25.32845
11/2/2009,25.40359
10/30/2009,25.29489
10/29/2009,26.34829
10/28/2009,25.81823
10/27/2009,26.48516
10/26/2009,27.17087
10/23/2009,27.3668
10/22/2009,27.53588
10/21/2009,27.4983
10/20/2009,26.67169
10/19/2009,25.47739
10/16/2009,25.23451
10/15/2009,25.57133
10/14/2009,25.66928
10/13/2009,25.49886
10/12/2009,25.60487
10/9/2009,25.55925
10/8/2009,25.39822
10/7/2009,25.52972
10/6/2009,25.49753
10/5/2009,24.9621
10/2/2009,24.81181
10/1/2009,24.26967
9/30/2009,24.87219
9/29/2009,24.87622
9/28/2009,24.97955
9/25/2009,24.47231
9/24/2009,24.66688
9/23/2009,24.89232
9/22/2009,24.75545
9/21/2009,24.69372
9/18/2009,24.82791
9/17/2009,24.76484
9/16/2009,24.40521
9/15/2009,23.5048
9/14/2009,23.31156
9/11/2009,23.10223
9/10/2009,23.1559
9/9/2009,22.96535
9/8/2009,23.20555
9/4/2009,22.85397
9/3/2009,22.34942
9/2/2009,22.16557
9/1/2009,22.18168
8/31/2009,22.57217
8/28/2009,22.81908
8/27/2009,22.73856
8/26/2009,22.46481
8/25/2009,22.73186
8/24/2009,22.68623
8/21/2009,22.70771
8/20/2009,22.31989
8/19/2009,22.08775
8/18/2009,22.00723
8/17/2009,21.41545
8/14/2009,22.38027
8/13/2009,22.60035
8/12/2009,22.18301
8/11/2009,21.85023
8/10/2009,22.10385
8/7/2009,22.20986
8/6/2009,21.99515
8/5/2009,22.15618
8/4/2009,22.21522
8/3/2009,22.33331
7/31/2009,21.92537
7/30/2009,21.84485
7/29/2009,21.47449
7/28/2009,21.47046
7/27/2009,21.48389
7/24/2009,21.46912
7/23/2009,21.17793
7/22/2009,21.03301
7/21/2009,20.33119
7/20/2009,20.51906
7/17/2009,20.36339
7/16/2009,19.79577
7/15/2009,19.70989
7/14/2009,19.09127
7/13/2009,19.10067
7/10/2009,18.58805
7/9/2009,18.2982
7/8/2009,18.41361
7/7/2009,18.16938
7/6/2009,18.60013
7/2/2009,18.78934
7/1/2009,19.16642
6/30/2009,19.11274
6/29/2009,19.05101
6/26/2009,19.11408
6/25/2009,18.76787
6/24/2009,18.27942
6/23/2009,17.98286
6/22/2009,18.43374
6/19/2009,18.71688
6/18/2009,18.2338
6/17/2009,18.19353
6/16/2009,18.29686
6/15/2009,18.26197
6/12/2009,18.38006
6/11/2009,18.77995
6/10/2009,18.8202
6/9/2009,19.15166
6/8/2009,19.30329
6/5/2009,19.41332
6/4/2009,19.28853
6/3/2009,18.91413
6/2/2009,18.71822
6/1/2009,18.69943
5/29/2009,18.2244
5/28/2009,18.1251
5/27/2009,17.85403
5/26/2009,17.54943
5/22/2009,16.43833
5/21/2009,16.66376
5/20/2009,16.89055
5/19/2009,17.10257
5/18/2009,16.99522
5/15/2009,16.42759
5/14/2009,16.49871
5/13/2009,16.03441
5/12/2009,16.69598
5/11/2009,17.38705
5/8/2009,17.33606
5/7/2009,17.31861
5/6/2009,17.78023
5/5/2009,17.80841
5/4/2009,17.72252
5/1/2009,17.07438
4/30/2009,16.88518
4/29/2009,16.79259
4/28/2009,16.62619
4/27/2009,16.73757
4/24/2009,16.62619
4/23/2009,16.82748
4/22/2009,16.30548
4/21/2009,16.33903
4/20/2009,16.16995
4/17/2009,16.56178
4/16/2009,16.29743
4/15/2009,15.78616
4/14/2009,15.87607
4/13/2009,16.13238
4/9/2009,16.04515
4/8/2009,15.60903
4/7/2009,15.4319
4/6/2009,15.89486
4/3/2009,15.56475
4/2/2009,15.1246
4/1/2009,14.58515
3/31/2009,14.10609
3/30/2009,14.02155
3/27/2009,14.33825
3/26/2009,14.7435
3/25/2009,14.28994
3/24/2009,14.29128
3/23/2009,14.44694
3/20/2009,13.63241
3/19/2009,13.63643
3/18/2009,13.62301
3/17/2009,13.37341
3/16/2009,12.80445
3/13/2009,12.87289
3/12/2009,12.92925
3/11/2009,12.43677
3/10/2009,11.8933
3/9/2009,11.15257
3/6/2009,11.44644
3/5/2009,11.92148
3/4/2009,12.23414
3/3/2009,11.85841
3/2/2009,11.80071
2/27/2009,11.98454
2/26/2009,11.96844
2/25/2009,12.2328
2/24/2009,12.11069
2/23/2009,11.66786
2/20/2009,12.23816
2/19/2009,12.16302
2/18/2009,12.66355
2/17/2009,12.68502
2/13/2009,13.30632
2/12/2009,13.32108
2/11/2009,12.99232
2/10/2009,13.12784
2/9/2009,13.75586
2/6/2009,13.38146
2/5/2009,12.94401
2/4/2009,12.55352
2/3/2009,12.47703
2/2/2009,12.27977
1/30/2009,12.09458
1/29/2009,12.4797
1/28/2009,12.64073
1/27/2009,12.1751
1/26/2009,12.02882
1/23/2009,11.85707
1/22/2009,11.85707
1/21/2009,11.115
1/20/2009,10.49369
1/16/2009,11.0479
1/15/2009,11.1888
1/14/2009,11.45047
1/13/2009,11.76984
1/12/2009,11.89732
1/9/2009,12.15497
1/8/2009,12.43945
1/7/2009,12.21267
1/6/2009,12.48239
1/5/2009,12.69173
1/2/2009,12.17778
12/31/2008,11.45315
12/30/2008,11.57929
12/29/2008,11.62223
12/26/2008,11.51488
12/24/2008,11.41155
12/23/2008,11.59137
12/22/2008,11.50549
12/19/2008,12.07713
12/18/2008,12.00064
12/17/2008,11.96441
12/16/2008,12.80579
12/15/2008,12.71454
12/12/2008,13.18689
12/11/2008,12.74809
12/10/2008,13.17884
12/9/2008,13.4271
12/8/2008,13.38146
12/5/2008,12.6139
12/4/2008,12.26634
12/3/2008,12.86886
12/2/2008,12.40859
12/1/2008,11.93356
11/28/2008,12.43542
11/26/2008,12.74809
11/25/2008,12.18449
11/24/2008,12.473
11/21/2008,11.08144
11/20/2008,10.80099
11/19/2008,11.57929
11/18/2008,12.06506
11/17/2008,11.82754
11/14/2008,12.10934
11/13/2008,12.94132
11/12/2008,12.09324
11/11/2008,12.71723
11/10/2008,12.86617
11/7/2008,13.18287
11/6/2008,13.29827
11/5/2008,13.86187
11/4/2008,14.89379
11/3/2008,14.35301
10/31/2008,14.43755
10/30/2008,14.90051
10/29/2008,14.0296
10/28/2008,13.40697
10/27/2008,12.35759
10/24/2008,12.93327
10/23/2008,13.18153
10/22/2008,12.99902
10/21/2008,12.27708
10/20/2008,13.20971
10/17/2008,13.07015
10/16/2008,13.67266
10/15/2008,13.14395
10/14/2008,13.96654
10/13/2008,14.79584
10/10/2008,12.98963
10/9/2008,11.90806
10/8/2008,12.04895
10/7/2008,11.96441
10/6/2008,13.16945
10/3/2008,13.02586
10/2/2008,13.43246
10/1/2008,14.64286
9/30/2008,15.25208
9/29/2008,14.12488
9/26/2008,17.20858
9/25/2008,17.70374
9/24/2008,17.27165
9/23/2008,17.02071
9/22/2008,17.58566
9/19/2008,18.90877
9/18/2008,17.99359
9/17/2008,17.15356
9/16/2008,18.77056
9/15/2008,18.83497
9/12/2008,19.98632
9/11/2008,20.48417
9/10/2008,20.34461
9/9/2008,20.354
9/8/2008,21.19135
9/5/2008,21.49462
9/4/2008,21.63418
9/3/2008,22.40443
9/2/2008,22.30111
8/29/2008,22.7493
8/28/2008,23.31424
8/27/2008,23.43904
8/26/2008,23.30082
8/25/2008,23.15456
8/22/2008,23.72352
8/21/2008,23.38804
8/20/2008,23.59604
8/19/2008,23.28606
8/18/2008,23.53565
8/15/2008,23.58262
8/14/2008,24.06302
8/13/2008,24.06034
8/12/2008,23.71547
8/11/2008,23.29009
8/8/2008,22.75199
8/7/2008,21.94952
8/6/2008,22.03272
8/5/2008,21.55635
8/4/2008,20.562
8/1/2008,21.02227
7/31/2008,21.32956
7/30/2008,21.45436
7/29/2008,21.07863
7/28/2008,20.719
7/25/2008,21.75495
7/24/2008,21.3403
7/23/2008,22.3105
7/22/2008,21.74153
7/21/2008,22.31452
7/18/2008,22.16155
7/17/2008,23.05526
7/16/2008,23.18944
7/15/2008,22.76406
7/14/2008,23.33303
7/11/2008,23.15858
7/10/2008,23.70206
7/9/2008,23.38268
7/8/2008,24.09389
7/7/2008,23.5048
7/3/2008,22.82848
7/2/2008,22.56814
7/1/2008,23.44039
6/30/2008,22.46884
6/27/2008,22.82445
6/26/2008,22.57888
6/25/2008,23.80404
6/24/2008,23.24849
6/23/2008,23.23641
6/20/2008,23.51955
6/19/2008,24.27505
6/18/2008,23.98653
6/17/2008,24.34616
6/16/2008,23.73023
6/13/2008,23.13041
6/12/2008,23.24983
6/11/2008,24.26297
6/10/2008,24.91111
6/9/2008,24.37033
6/6/2008,24.91111
6/5/2008,25.41969
6/4/2008,24.85072
6/3/2008,24.87488
6/2/2008,24.97283
5/30/2008,25.32845
5/29/2008,25.05201
5/28/2008,25.09495
5/27/2008,25.01712
5/23/2008,24.31128
5/22/2008,23.75842
5/21/2008,23.91138
5/20/2008,24.946
5/19/2008,24.63736
5/16/2008,25.17681
5/15/2008,25.45995
5/14/2008,24.9943
5/13/2008,25.49081
5/12/2008,25.24927
5/9/2008,24.61723
5/8/2008,24.83327
5/7/2008,24.50183
5/6/2008,25.04798
5/5/2008,24.78899
5/2/2008,24.28041
5/1/2008,24.15428
4/30/2008,23.34242
4/29/2008,23.49003
4/28/2008,23.11295
4/25/2008,22.77614
4/24/2008,22.67013
4/23/2008,21.85828
4/22/2008,21.4973
4/21/2008,22.56546
4/18/2008,21.61002
4/17/2008,20.73108
4/16/2008,20.62506
4/15/2008,19.91117
4/14/2008,19.83066
4/11/2008,19.74478
4/10/2008,20.73913
4/9/2008,20.3218
4/8/2008,20.50967
4/7/2008,20.91894
4/4/2008,20.54187
4/3/2008,20.34461
4/2/2008,19.79174
4/1/2008,20.06549
3/31/2008,19.25632
3/28/2008,19.19057
3/27/2008,18.8202
3/26/2008,19.46566
3/25/2008,18.91816
3/24/2008,18.72359
3/20/2008,17.88356
3/19/2008,17.40047
3/18/2008,17.82318
3/17/2008,17.00595
3/14/2008,16.98985
3/13/2008,17.16832
3/12/2008,16.91202
3/11/2008,17.08915
3/10/2008,16.06125
3/7/2008,16.40478
3/6/2008,16.22764
3/5/2008,16.70537
3/4/2008,16.72281
3/3/2008,16.335
2/29/2008,16.77649
2/28/2008,17.43268
2/27/2008,16.50005
2/26/2008,15.98879
2/25/2008,16.06796
2/22/2008,16.03038
2/21/2008,16.30951
2/20/2008,16.61546
2/19/2008,16.39539
2/15/2008,16.72416
2/14/2008,17.10391
2/13/2008,17.36423
2/12/2008,16.75501
2/11/2008,17.37095
2/8/2008,16.83821
2/7/2008,16.26925
2/6/2008,16.37123
2/5/2008,17.35887
2/4/2008,17.66617
2/1/2008,17.94797
1/31/2008,18.16401
1/30/2008,17.73729
1/29/2008,17.65141
1/28/2008,17.4461
1/25/2008,17.4461
1/24/2008,18.19622
1/23/2008,18.66186
1/22/2008,20.8854
1/18/2008,21.65297
1/17/2008,21.5899
1/16/2008,21.42215
1/15/2008,22.68355
1/14/2008,23.99056
1/11/2008,23.17334
1/10/2008,23.88858
1/9/2008,24.07376
1/8/2008,22.98011
1/7/2008,23.83758
1/4/2008,24.16099
1/3/2008,26.15773
1/2/2008,26.14566
12/31/2007,26.58043
12/28/2007,26.81527
12/27/2007,26.64619
12/26/2007,26.69719
12/24/2007,26.67705
12/21/2007,26.02086
12/20/2007,25.12179
12/19/2007,24.57295
12/18/2007,24.55416
12/17/2007,24.74471
12/14/2007,25.54851
12/13/2007,25.74175
12/12/2007,25.61158
12/11/2007,25.30026
12/10/2007,26.06112
12/7/2007,26.07319
12/6/2007,25.48947
12/5/2007,24.89232
12/4/2007,24.12877
12/3/2007,24.0013
11/30/2007,24.45218
11/29/2007,24.72995
11/28/2007,24.18379
11/27/2007,23.45783
11/26/2007,23.15321
11/23/2007,23.01902
11/21/2007,22.60571
11/20/2007,22.65805
11/19/2007,22.00052
11/16/2007,22.32794
11/15/2007,22.04749
11/14/2007,22.29037
11/13/2007,22.807
11/12/2007,20.63311
11/9/2007,22.19107
11/8/2007,23.54639
11/7/2007,24.99968
11/6/2007,25.73638
11/5/2007,24.98357
11/2/2007,25.21035
11/1/2007,25.15265
10/31/2007,25.48947
10/30/2007,25.09361
10/29/2007,24.83731
10/26/2007,24.78497
10/25/2007,24.52732
10/24/2007,24.95003
10/23/2007,24.98089
10/22/2007,23.39744
10/19/2007,22.86873
10/18/2007,23.28203
10/17/2007,23.18139
10/16/2007,22.75601
10/15/2007,22.40712
10/12/2007,22.44335
10/11/2007,21.76971
10/10/2007,22.38162
10/9/2007,22.5252
10/8/2007,22.53191
10/5/2007,21.66504
10/4/2007,20.96591
10/3/2007,21.19135
10/2/2007,21.26247
10/1/2007,20.97933
9/28/2007,20.59421
9/27/2007,20.73242
9/26/2007,20.50027
9/25/2007,20.55529
9/24/2007,19.89776
9/21/2007,19.34355
9/20/2007,18.82826
9/19/2007,18.88999
9/18/2007,18.91011
9/17/2007,18.5733
9/14/2007,18.62697
9/13/2007,18.41092
9/12/2007,18.36396
9/11/2007,18.18145
9/10/2007,18.34517
9/7/2007,17.68227
9/6/2007,18.11704
9/5/2007,18.35188
9/4/2007,19.34489
8/31/2007,18.58269
8/30/2007,18.28345
8/29/2007,17.99225
8/28/2007,17.01803
8/27/2007,17.74669
8/24/2007,18.15596
8/23/2007,17.58834
8/22/2007,17.78157
8/21/2007,17.11868
8/20/2007,16.40075
8/17/2007,16.37928
8/16/2007,15.70699
8/15/2007,16.08943
8/14/2007,16.64364
8/13/2007,17.14819
8/10/2007,16.7738
8/9/2007,16.96032
8/8/2007,17.98286
8/7/2007,18.11973
8/6/2007,18.14926
8/3/2007,17.693
8/2/2007,18.31565
8/1/2007,18.1157
7/31/2007,17.68093
7/30/2007,18.97856
7/27/2007,19.30329
7/26/2007,19.5918
7/25/2007,18.41898
7/24/2007,18.10094
7/23/2007,19.28316
7/20/2007,19.28987
7/19/2007,18.78666
7/18/2007,18.53438
7/17/2007,18.64039
7/16/2007,18.5317
7/13/2007,18.48204
7/12/2007,17.99091
7/11/2007,17.76547
7/10/2007,17.7601
7/9/2007,17.48904
7/6/2007,17.75339
7/5/2007,17.81378
7/3/2007,17.06499
7/2/2007,16.27193
6/29/2007,16.3766
6/28/2007,16.178
6/27/2007,16.35647
6/26/2007,16.05589
6/25/2007,16.41685
6/22/2007,16.50542
6/21/2007,16.62619
6/20/2007,16.31085
6/19/2007,16.59398
6/18/2007,16.78588
6/15/2007,16.16995
6/14/2007,15.93512
6/13/2007,15.76737
6/12/2007,16.15384
6/11/2007,16.12835
6/8/2007,16.70537
6/7/2007,16.64901
6/6/2007,16.59131
6/5/2007,16.46114
6/4/2007,16.28133
6/1/2007,15.88815
5/31/2007,16.26254
5/30/2007,15.93779
5/29/2007,15.34467
5/25/2007,15.24672
5/24/2007,14.85354
5/23/2007,15.14875
5/22/2007,15.23598
5/21/2007,15.02664
5/18/2007,14.76363
5/17/2007,14.6858
5/16/2007,14.404
5/15/2007,14.42815
5/14/2007,14.67507
5/11/2007,14.59187
5/10/2007,14.404
5/9/2007,14.34227
5/8/2007,14.09804
5/7/2007,13.94506
5/4/2007,13.52774
5/3/2007,13.47272
5/2/2007,13.47138
5/1/2007,13.34792
4/30/2007,13.3922
4/27/2007,13.40831
4/26/2007,13.26338
4/25/2007,12.79506
4/24/2007,12.51191
4/23/2007,12.54814
4/20/2007,12.2073
4/19/2007,12.11336
4/18/2007,12.13082
4/17/2007,12.1241
4/16/2007,12.26903
4/13/2007,12.10934
4/12/2007,12.37101
4/11/2007,12.42469
4/10/2007,12.64745
4/9/2007,12.56693
4/5/2007,12.70514
4/4/2007,12.65013
4/3/2007,12.68099
4/2/2007,12.56693
3/30/2007,12.46763
3/29/2007,12.58035
3/28/2007,12.51191
3/27/2007,12.80981
3/26/2007,12.86215
3/23/2007,12.54949
3/22/2007,12.60853
3/21/2007,12.59645
3/20/2007,12.27574
3/19/2007,12.22877
3/16/2007,12.02212
3/15/2007,12.01943
3/14/2007,12.07713
3/13/2007,11.86243
3/12/2007,12.05969
3/9/2007,11.80473
3/8/2007,11.80876
3/7/2007,11.77118
3/6/2007,11.83425
3/5/2007,11.58332
3/2/2007,11.4612
3/1/2007,11.68262
2/28/2007,11.35385
2/27/2007,11.2626
2/26/2007,11.8772
2/23/2007,11.95234
2/22/2007,12.01138
2/21/2007,11.96979
2/20/2007,11.52696
2/16/2007,11.38337
2/15/2007,11.43437
2/14/2007,11.44644
2/13/2007,11.36593
2/12/2007,11.39008
2/9/2007,11.17403
2/8/2007,11.56453
2/7/2007,11.5605
2/6/2007,11.29212
2/5/2007,11.26394
2/2/2007,11.37263
2/1/2007,11.37129
1/31/2007,11.50414
1/30/2007,11.47999
1/29/2007,11.53232
1/26/2007,11.45717
1/25/2007,11.57393
1/24/2007,11.63431
1/23/2007,11.50012
1/22/2007,11.64639
1/19/2007,11.87585
1/18/2007,11.95234
1/17/2007,12.74138
1/16/2007,13.02989
1/12/2007,12.69709
1/11/2007,12.85544
1/10/2007,13.01647
1/9/2007,12.42201
1/8/2007,11.46925
1/5/2007,11.41289
1/4/2007,11.49475
1/3/2007,11.24516
12/29/2006,11.38472
12/28/2006,10.85198
12/27/2006,10.9392
12/26/2006,10.93786
12/22/2006,11.03045
12/21/2006,11.12439
12/20/2006,11.37398
12/19/2006,11.58197
12/18/2006,11.46925
12/15/2006,11.77118
12/14/2006,11.88256
12/13/2006,11.94966
12/12/2006,11.55916
12/11/2006,11.9094
12/8/2006,11.84365
12/7/2006,11.67994
12/6/2006,12.05433
12/5/2006,12.24756
12/4/2006,12.22743
12/1/2006,12.25426
11/30/2006,12.2999
11/29/2006,12.31868
11/28/2006,12.32002
11/27/2006,12.01541
11/24/2006,12.29587
11/22/2006,12.11874
11/21/2006,11.88927
11/20/2006,11.60345
11/17/2006,11.52025
11/16/2006,11.48804
11/15/2006,11.2787
11/14/2006,11.40619
11/13/2006,11.31896
11/10/2006,11.15391
11/9/2006,11.18342
11/8/2006,11.064
11/7/2006,10.80367
11/6/2006,10.69632
11/3/2006,10.50577
11/2/2006,10.59836
11/1/2006,10.62251
10/31/2006,10.88016
10/30/2006,10.79159
10/27/2006,10.79025
10/26/2006,11.02911
10/25/2006,10.96067
10/24/2006,10.87613
10/23/2006,10.93115
10/20/2006,10.72852
10/19/2006,10.5997
10/18/2006,10.00121
10/17/2006,9.96901
10/16/2006,10.11796
10/13/2006,10.06696
10/12/2006,10.09917
10/11/2006,9.82677
10/10/2006,9.9046
10/9/2006,10.01463
10/6/2006,9.95962
10/5/2006,10.04147
10/4/2006,10.11527
10/3/2006,9.94083
10/2/2006,10.0455
9/29/2006,10.32998
9/28/2006,10.334
9/27/2006,10.25349
9/26/2006,10.41452
9/25/2006,10.16493
9/22/2006,9.7959
9/21/2006,10.01732
9/20/2006,10.09917
9/19/2006,9.89923
9/18/2006,9.91533
9/15/2006,9.94351
9/14/2006,9.9529
9/13/2006,9.95693
9/12/2006,9.74625
9/11/2006,9.7288
9/8/2006,9.73149
9/7/2006,9.76906
9/6/2006,9.39736
9/5/2006,9.59193
9/1/2006,9.17594
8/31/2006,9.10482
8/30/2006,8.98539
8/29/2006,8.92098
8/28/2006,8.98807
8/25/2006,9.22559
8/24/2006,9.09945
8/23/2006,9.03235
8/22/2006,9.07396
8/21/2006,8.93171
8/18/2006,9.11287
8/17/2006,9.06993
8/16/2006,9.12227
8/15/2006,8.91696
8/14/2006,8.58014
8/11/2006,8.54122
8/10/2006,8.59758
8/9/2006,8.53317
8/8/2006,8.69286
8/7/2006,9.01894
8/4/2006,9.1652
8/3/2006,9.33831
8/2/2006,9.14642
8/1/2006,9.01491
7/31/2006,9.11958
7/28/2006,8.80155
7/27/2006,8.50767
7/26/2006,8.57075
7/25/2006,8.31041
7/24/2006,8.24198
7/21/2006,8.14805
7/20/2006,8.11852
7/19/2006,7.2597
7/18/2006,7.09867
7/17/2006,7.02755
7/14/2006,6.79943
7/13/2006,7.01145
7/12/2006,7.10672
7/11/2006,7.4677
7/10/2006,7.38047
7/7/2006,7.43415
7/6/2006,7.4838
7/5/2006,7.64886
7/3/2006,7.77633
6/30/2006,7.68509
6/29/2006,7.91321
6/28/2006,7.51735
6/27/2006,7.70656
6/26/2006,7.91589
6/23/2006,7.89443
6/22/2006,7.99507
6/21/2006,7.76425
6/20/2006,7.71192
6/19/2006,7.67569
6/16/2006,7.724
6/15/2006,7.96823
6/14/2006,7.73071
6/13/2006,7.82733
6/12/2006,7.64886
6/9/2006,7.94944
6/8/2006,8.15341
6/7/2006,7.85819
6/6/2006,8.01385
6/5/2006,8.05143
6/2/2006,8.27418
6/1/2006,8.34262
5/31/2006,8.02056
5/30/2006,8.21513
5/26/2006,8.5278
5/25/2006,8.63247
5/24/2006,8.49962
5/23/2006,8.47413
5/22/2006,8.50499
5/19/2006,8.65662
5/18/2006,8.47815
5/17/2006,8.75727
5/16/2006,8.7197
5/15/2006,9.09677
5/12/2006,9.08469
5/11/2006,9.14507
5/10/2006,9.47384
5/9/2006,9.53154
5/8/2006,9.64695
5/5/2006,9.64695
5/4/2006,9.54497
5/3/2006,9.54631
5/2/2006,9.61072
5/1/2006,9.33965
4/28/2006,9.44566
4/27/2006,9.30745
4/26/2006,9.14507
4/25/2006,8.87938
4/24/2006,8.82302
4/21/2006,8.99612
4/20/2006,9.0753
4/19/2006,8.8096
4/18/2006,8.88609
4/17/2006,8.69688
4/13/2006,8.91963
4/12/2006,8.95184
4/11/2006,9.12361
4/10/2006,9.21486
4/7/2006,9.36515
4/6/2006,9.55972
4/5/2006,9.01894
4/4/2006,8.20843
4/3/2006,8.40703
3/31/2006,8.41642
3/30/2006,8.42045
3/29/2006,8.36409
3/28/2006,7.87832
3/27/2006,7.98567
3/24/2006,8.04605
3/23/2006,8.0729
3/22/2006,8.27552
3/21/2006,8.29431
3/20/2006,8.58685
3/17/2006,8.67675
3/16/2006,8.62978
3/15/2006,8.88743
3/14/2006,9.0337
3/13/2006,8.81363
3/10/2006,8.47949
3/9/2006,8.5788
3/8/2006,8.81094
3/7/2006,8.89817
3/6/2006,8.78679
3/3/2006,9.08738
3/2/2006,9.341
3/1/2006,9.27256
2/28/2006,9.19071
2/27/2006,9.52618
2/24/2006,9.58924
2/23/2006,9.62816
2/22/2006,9.57046
2/21/2006,9.26987
2/17/2006,9.43225
2/16/2006,9.46982
2/15/2006,9.28866
2/14/2006,9.07664
2/13/2006,8.68347
2/10/2006,9.03235
2/9/2006,8.71567
2/8/2006,9.23364
2/7/2006,9.07127
2/6/2006,9.03102
2/3/2006,9.64159
2/2/2006,9.67513
2/1/2006,10.12065
1/31/2006,10.13272
1/30/2006,10.06429
1/27/2006,9.66574
1/26/2006,9.706
1/25/2006,9.95693
1/24/2006,10.20384
1/23/2006,10.42257
1/20/2006,10.21055
1/19/2006,10.60641
1/18/2006,11.06937
1/17/2006,11.36727
1/13/2006,11.48536
1/12/2006,11.31091
1/11/2006,11.25857
1/10/2006,10.85064
1/9/2006,10.20518
1/6/2006,10.23873
1/5/2006,9.98108
1/4/2006,10.06026
1/3/2006,10.03073
12/30/2005,9.64695
12/29/2005,9.5879
12/28/2005,9.87239
12/27/2005,9.96096
12/23/2005,9.84287
12/22/2005,9.93278
12/21/2005,9.863
12/20/2005,9.67647
12/19/2005,9.57851
12/16/2005,9.54228
12/15/2005,9.68587
12/14/2005,9.66305
12/13/2005,10.0616
12/12/2005,10.05221
12/9/2005,9.97437
12/8/2005,9.94083
12/7/2005,9.92339
12/6/2005,9.9368
12/5/2005,9.63756
12/2/2005,9.74625
12/1/2005,9.60803
11/30/2005,9.10079
11/29/2005,9.13837
11/28/2005,9.34771
11/25/2005,9.30476
11/23/2005,9.00552
11/22/2005,8.92635
11/21/2005,8.71701
11/18/2005,8.66334
11/17/2005,8.65796
11/16/2005,8.71567
11/15/2005,8.35738
11/14/2005,8.246
11/11/2005,8.25808
11/10/2005,8.20977
11/9/2005,8.06618
11/8/2005,8.038
11/7/2005,8.08229
11/4/2005,8.20574
11/3/2005,8.29967
11/2/2005,8.04472
11/1/2005,7.71595
10/31/2005,7.72802
10/28/2005,7.30935
10/27/2005,7.43549
10/26/2005,7.65288
10/25/2005,7.52809
10/24/2005,7.62068
10/21/2005,7.46904
10/20/2005,7.53345
10/19/2005,7.37242
10/18/2005,7.00608
10/17/2005,7.17114
10/14/2005,7.24629
10/13/2005,7.21139
10/12/2005,6.60887
10/11/2005,6.92288
10/10/2005,6.75917
10/7/2005,6.88397
10/6/2005,6.93764
10/5/2005,7.08257
10/4/2005,7.21273
10/3/2005,7.30532
9/30/2005,7.19395
9/29/2005,7.02352
9/28/2005,6.85444
9/27/2005,7.17114
9/26/2005,7.22481
9/23/2005,7.13893
9/22/2005,6.96449
9/21/2005,6.99267
9/20/2005,7.13759
9/19/2005,7.06378
9/16/2005,6.87189
9/15/2005,6.69208
9/14/2005,6.65718
9/13/2005,6.81956
9/12/2005,6.89739
9/9/2005,6.88531
9/8/2005,6.68
9/7/2005,6.53239
9/6/2005,6.54849
9/2/2005,6.20228
9/1/2005,6.20765
8/31/2005,6.29219
8/30/2005,6.24925
8/29/2005,6.15129
8/26/2005,6.13787
8/25/2005,6.18081
8/24/2005,6.14189
8/23/2005,6.13787
8/22/2005,6.15532
8/19/2005,6.14994
8/18/2005,6.21302
8/17/2005,6.32707
8/16/2005,6.2063
8/15/2005,6.3982
8/12/2005,6.18617
8/11/2005,5.90437
8/10/2005,5.82118
8/9/2005,5.88022
8/8/2005,5.72322
8/5/2005,5.76885
8/4/2005,5.73127
8/3/2005,5.79971
8/2/2005,5.79568
8/1/2005,5.73664
7/29/2005,5.72322
7/28/2005,5.87754
7/27/2005,5.90304
7/26/2005,5.85473
7/25/2005,5.87888
7/22/2005,5.90437
7/21/2005,5.80911
7/20/2005,5.85473
7/19/2005,5.79568
7/18/2005,5.56756
7/15/2005,5.57561
7/14/2005,5.46826
7/13/2005,5.1462
7/12/2005,5.13144
7/11/2005,5.11266
7/8/2005,5.13279
7/7/2005,5.04958
7/6/2005,5.01738
7/5/2005,5.09655
7/1/2005,4.89795
6/30/2005,4.93955
6/29/2005,4.8805
6/28/2005,5.00664
6/27/2005,4.97846
6/24/2005,5.06703
6/23/2005,5.21866
6/22/2005,5.17304
6/21/2005,5.08045
6/20/2005,5.0469
6/17/2005,5.14084
6/16/2005,5.09655
6/15/2005,4.98249
6/14/2005,4.83086
6/13/2005,4.81743
6/10/2005,4.80535
6/9/2005,5.05227
6/8/2005,4.95431
6/7/2005,4.90332
6/6/2005,5.0885
6/3/2005,5.13144
6/2/2005,5.37298
6/1/2005,5.40787
5/31/2005,5.33541
5/27/2005,5.44277
5/26/2005,5.46692
5/25/2005,5.3381
5/24/2005,5.32736
5/23/2005,5.33541
5/20/2005,5.03885
5/19/2005,5.03885
5/18/2005,4.80938
5/17/2005,4.74497
5/16/2005,4.77047
5/13/2005,4.6658
5/12/2005,4.57992
5/11/2005,4.77852
5/10/2005,4.88722
5/9/2005,4.96102
5/6/2005,4.99725
5/5/2005,4.9221
5/4/2005,4.98517
5/3/2005,4.85904
5/2/2005,4.88856
4/29/2005,4.83891
4/28/2005,4.76912
4/27/2005,4.82414
4/26/2005,4.85635
4/25/2005,4.96236
4/22/2005,4.76376
4/21/2005,4.9892
4/20/2005,4.7651
4/19/2005,4.97712
4/18/2005,4.77986
4/15/2005,4.74363
4/14/2005,4.99994
4/13/2005,5.50718
4/12/2005,5.72457
4/11/2005,5.62526
4/8/2005,5.86949
4/7/2005,5.84534
4/6/2005,5.68028
4/5/2005,5.62124
4/4/2005,5.51388
4/1/2005,5.48705
3/31/2005,5.59172
3/30/2005,5.74335
3/29/2005,5.60245
3/28/2005,5.70711
3/24/2005,5.70309
3/23/2005,5.7098
3/22/2005,5.74737
3/21/2005,5.86412
3/18/2005,5.76482
3/17/2005,5.66954
3/16/2005,5.52596
3/15/2005,5.49644
3/14/2005,5.41056
3/11/2005,5.40385
3/10/2005,5.3448
3/9/2005,5.28039
3/8/2005,5.43874
3/7/2005,5.73664
3/4/2005,5.74469
3/3/2005,5.60782
3/2/2005,5.92048
3/1/2005,5.97147
2/28/2005,6.01978
2/25/2005,5.9708
2/24/2005,5.96677
2/23/2005,5.91981
2/22/2005,5.72255
2/18/2005,5.82453
2/17/2005,5.89163
2/16/2005,6.04729
2/15/2005,5.93189
2/14/2005,5.67827
2/11/2005,5.4488
2/10/2005,5.25758
2/9/2005,5.28308
2/8/2005,5.428
2/7/2005,5.29649
2/4/2005,5.28979
2/3/2005,5.22068
2/2/2005,5.34279
2/1/2005,5.20189
1/31/2005,5.15962
1/28/2005,4.96371
1/27/2005,4.87379
1/26/2005,4.84762
1/25/2005,4.83421
1/24/2005,4.74766
1/21/2005,4.72954
1/20/2005,4.72753
1/19/2005,4.68861
1/18/2005,4.74028
1/14/2005,4.71009
1/13/2005,4.68324
1/12/2005,4.39205
1/11/2005,4.33167
1/10/2005,4.62688
1/7/2005,4.64634
1/6/2005,4.33099
1/5/2005,4.32764
1/4/2005,4.29006
1/3/2005,4.24645
12/31/2004,4.32093
12/30/2004,4.34777
12/29/2004,4.32362
12/28/2004,4.30617
12/27/2004,4.23773
12/23/2004,4.29476
12/22/2004,4.27732
12/21/2004,4.2733
12/20/2004,4.20821
12/17/2004,4.36051
12/16/2004,4.46854
12/15/2004,4.37863
12/14/2004,4.38064
12/13/2004,4.35515
12/10/2004,4.37125
12/9/2004,4.29342
12/8/2004,4.24578
12/7/2004,4.21961
12/6/2004,4.41352
12/3/2004,4.20552
12/2/2004,4.37528
12/1/2004,4.54838
11/30/2004,4.49874
11/29/2004,4.59199
11/26/2004,4.33099
11/24/2004,4.29745
11/23/2004,4.11092
11/22/2004,4.11629
11/19/2004,3.70164
11/18/2004,3.7164
11/17/2004,3.68353
11/16/2004,3.68621
11/15/2004,3.70634
11/12/2004,3.72379
11/11/2004,3.71037
11/10/2004,3.67346
11/9/2004,3.62649
11/8/2004,3.64864
11/5/2004,3.67145
11/4/2004,3.65334
11/3/2004,3.71103
11/2/2004,3.58959
11/1/2004,3.51914
10/29/2004,3.51579
10/28/2004,3.5017
10/27/2004,3.37489
10/26/2004,3.21856
10/25/2004,3.19038
10/22/2004,3.18099
10/21/2004,3.21655
10/20/2004,3.18501
10/19/2004,3.18165
10/18/2004,3.20379
10/15/2004,3.05283
10/14/2004,3.01795
10/13/2004,2.66704
10/12/2004,2.56908
10/11/2004,2.58921
10/8/2004,2.62074
10/7/2004,2.65831
10/6/2004,2.72675
10/5/2004,2.64154
10/4/2004,2.60262
10/1/2004,2.59457
9/30/2004,2.59994
9/29/2004,2.59525
9/28/2004,2.5523
9/27/2004,2.51808
9/24/2004,2.50198
9/23/2004,2.50064
9/22/2004,2.47715
9/21/2004,2.55029
9/20/2004,2.53016
9/17/2004,2.49192
9/16/2004,2.43891
9/15/2004,2.36176
9/14/2004,2.38121
9/13/2004,2.38792
9/10/2004,2.4067
9/9/2004,2.3953
9/8/2004,2.43891
9/7/2004,2.39933
9/3/2004,2.36377
9/2/2004,2.39261
9/1/2004,2.40604
8/31/2004,2.31411
8/30/2004,2.28929
8/27/2004,2.30472
8/26/2004,2.32552
8/25/2004,2.21749
8/24/2004,2.14369
8/23/2004,2.08532
8/20/2004,2.06653
8/19/2004,2.06049
8/18/2004,2.1296
8/17/2004,2.07123
8/16/2004,2.06519
8/13/2004,2.06922
8/12/2004,2.03769
8/11/2004,2.08062
8/10/2004,2.11484
8/9/2004,2.03299
8/6/2004,1.99809
8/5/2004,2.10612
8/4/2004,2.13295
8/3/2004,2.09941
8/2/2004,2.11886
7/30/2004,2.16986
7/29/2004,2.18999
7/28/2004,2.16516
7/27/2004,2.1759
7/26/2004,2.0974
7/23/2004,2.05983
7/22/2004,2.12558
7/21/2004,2.12155
7/20/2004,2.16047
7/19/2004,2.14503
7/16/2004,2.16047
7/15/2004,2.20944
7/14/2004,1.98468
7/13/2004,1.96052
7/12/2004,1.95516
7/9/2004,2.01487
7/8/2004,2.02225
7/7/2004,2.03902
7/6/2004,2.07659
7/2/2004,2.08532
7/1/2004,2.16717
6/30/2004,2.18328
6/29/2004,2.1806
6/28/2004,2.17992
6/25/2004,2.26111
6/24/2004,2.22622
6/23/2004,2.26111
6/22/2004,2.21414
6/21/2004,2.16919
6/18/2004,2.2081
6/17/2004,2.20139
6/16/2004,2.1967
6/15/2004,2.05915
6/14/2004,2.02091
6/10/2004,2.0625
6/9/2004,2.02627
6/8/2004,2.03634
6/7/2004,2.00011
6/4/2004,1.931
6/3/2004,1.9055
6/2/2004,1.94039
6/1/2004,1.8827
5/28/2004,1.8827
5/27/2004,1.89007
5/26/2004,1.91289
5/25/2004,1.90618
5/24/2004,1.83439
5/21/2004,1.81895
5/20/2004,1.79212
5/19/2004,1.77601
5/18/2004,1.8156
5/17/2004,1.78742
5/14/2004,1.8156
5/13/2004,1.82432
5/12/2004,1.8317
5/11/2004,1.82096
5/10/2004,1.76326
5/7/2004,1.78943
5/6/2004,1.78339
5/5/2004,1.78809
5/4/2004,1.75387
5/3/2004,1.74917
4/30/2004,1.72972
4/29/2004,1.79614
4/28/2004,1.77467
4/27/2004,1.80755
4/26/2004,1.8203
4/23/2004,1.85854
4/22/2004,1.86391
4/21/2004,1.86055
4/20/2004,1.86055
4/19/2004,1.90215
4/16/2004,1.95784
4/15/2004,1.96589
4/14/2004,1.78742
4/13/2004,1.80687
4/12/2004,1.88135
4/8/2004,1.84713
4/7/2004,1.83237
4/6/2004,1.86726
4/5/2004,1.90014
4/2/2004,1.84512
4/1/2004,1.81895
3/31/2004,1.81426
3/30/2004,1.8733
3/29/2004,1.87263
3/26/2004,1.81426
3/25/2004,1.80285
3/24/2004,1.71093
3/23/2004,1.69684
3/22/2004,1.73508
3/19/2004,1.73508
3/18/2004,1.72233
3/17/2004,1.75722
3/16/2004,1.7324
3/15/2004,1.77467
3/12/2004,1.84914
3/11/2004,1.82164
3/10/2004,1.85719
3/9/2004,1.81828
3/8/2004,1.74447
3/5/2004,1.79413
3/4/2004,1.68811
3/3/2004,1.60492
3/2/2004,1.59753
3/1/2004,1.61162
2/27/2004,1.60492
2/26/2004,1.54587
2/25/2004,1.53045
2/24/2004,1.50025
2/23/2004,1.48884
2/20/2004,1.50293
2/19/2004,1.50763
2/18/2004,1.56064
2/17/2004,1.55393
2/13/2004,1.54319
2/12/2004,1.59217
2/11/2004,1.59687
2/10/2004,1.54185
2/9/2004,1.52105
2/6/2004,1.52373
2/5/2004,1.50428
2/4/2004,1.46201
2/3/2004,1.49354
2/2/2004,1.49757
1/30/2004,1.51367
1/29/2004,1.52172
1/28/2004,1.51098
1/27/2004,1.54789
1/26/2004,1.54386
1/23/2004,1.51367
1/22/2004,1.48818
1/21/2004,1.51702
1/20/2004,1.52507
1/16/2004,1.52441
1/15/2004,1.53312
1/14/2004,1.6237
1/13/2004,1.61834
1/12/2004,1.59217
1/9/2004,1.54319
1/8/2004,1.56734
1/7/2004,1.51568
1/6/2004,1.48214
1/5/2004,1.4875
1/2/2004,1.42779
12/31/2003,1.43383
12/30/2003,1.42779
12/29/2003,1.41906
12/26/2003,1.39424
12/24/2003,1.36942
12/23/2003,1.32916
12/22/2003,1.33184
12/19/2003,1.32177
12/18/2003,1.34459
12/17/2003,1.33385
12/16/2003,1.34995
12/15/2003,1.35331
12/12/2003,1.40162
12/11/2003,1.42309
12/10/2003,1.3674
12/9/2003,1.37209
12/8/2003,1.41235
12/5/2003,1.39894
12/4/2003,1.41906
12/3/2003,1.41101
12/2/2003,1.44523
12/1/2003,1.45663
11/28/2003,1.40296
11/26/2003,1.39021
11/25/2003,1.38753
11/24/2003,1.41906
11/21/2003,1.36069
11/20/2003,1.3674
11/19/2003,1.37008
11/18/2003,1.36942
11/17/2003,1.41773
11/14/2003,1.43987
11/13/2003,1.50428
11/12/2003,1.49824
11/11/2003,1.44523
11/10/2003,1.46939
11/7/2003,1.50964
11/6/2003,1.55124
11/5/2003,1.5452
11/4/2003,1.53715
11/3/2003,1.55325
10/31/2003,1.53581
10/30/2003,1.54923
10/29/2003,1.58948
10/28/2003,1.5915
10/27/2003,1.51636
10/24/2003,1.51636
10/23/2003,1.54252
10/22/2003,1.52708
10/21/2003,1.55526
10/20/2003,1.55795
10/17/2003,1.52642
10/16/2003,1.55996
10/15/2003,1.66531
10/14/2003,1.64719
10/13/2003,1.63377
10/10/2003,1.58882
10/9/2003,1.57338
10/8/2003,1.54721
10/7/2003,1.55795
10/6/2003,1.49555
10/3/2003,1.4553
10/2/2003,1.38015
10/1/2003,1.39491
9/30/2003,1.39021
9/29/2003,1.42913
9/26/2003,1.3882
9/25/2003,1.37076
9/24/2003,1.43047
9/23/2003,1.50494
9/22/2003,1.48146
9/19/2003,1.51501
9/18/2003,1.53514
9/17/2003,1.48415
9/16/2003,1.50025
9/15/2003,1.49019
9/12/2003,1.5499
9/11/2003,1.51367
9/10/2003,1.48818
9/9/2003,1.50092
9/8/2003,1.52575
9/5/2003,1.50964
9/4/2003,1.53178
9/3/2003,1.53984
9/2/2003,1.53312
8/29/2003,1.51702
8/28/2003,1.48884
8/27/2003,1.44121
8/26/2003,1.41235
8/25/2003,1.39961
8/22/2003,1.40095
8/21/2003,1.45462
8/20/2003,1.40967
8/19/2003,1.36338
8/18/2003,1.36472
8/15/2003,1.32245
8/14/2003,1.33989
8/13/2003,1.35398
8/12/2003,1.32177
8/11/2003,1.3191
8/8/2003,1.31775
8/7/2003,1.33721
8/6/2003,1.31708
8/5/2003,1.3674
8/4/2003,1.42309
8/1/2003,1.39088
7/31/2003,1.41436
7/30/2003,1.36069
7/29/2003,1.39021
7/28/2003,1.40833
7/25/2003,1.44523
7/24/2003,1.37612
7/23/2003,1.39491
7/22/2003,1.39558
7/21/2003,1.38283
7/18/2003,1.39961
7/17/2003,1.40229
7/16/2003,1.33319
7/15/2003,1.31573
7/14/2003,1.3352
7/11/2003,1.33184
7/10/2003,1.31372
7/9/2003,1.33452
7/8/2003,1.36874
7/7/2003,1.33319
7/3/2003,1.28353
7/2/2003,1.29293
7/1/2003,1.28085
6/30/2003,1.27884
6/27/2003,1.2567
6/26/2003,1.29427
6/25/2003,1.28085
6/24/2003,1.26005
6/23/2003,1.27884
6/20/2003,1.28823
6/19/2003,1.2842
6/18/2003,1.28286
6/17/2003,1.22047
6/16/2003,1.22583
6/13/2003,1.1688
6/12/2003,1.19229
6/11/2003,1.17081
6/10/2003,1.15269
6/9/2003,1.12653
6/6/2003,1.15068
6/5/2003,1.18356
6/4/2003,1.18087
6/3/2003,1.16142
6/2/2003,1.17081
5/30/2003,1.20436
5/29/2003,1.21443
5/28/2003,1.2265
5/27/2003,1.26676
5/23/2003,1.22918
5/22/2003,1.22382
5/21/2003,1.19765
5/20/2003,1.19362
5/19/2003,1.21443
5/16/2003,1.26139
5/15/2003,1.2567
5/14/2003,1.24462
5/13/2003,1.25267
5/12/2003,1.24528
5/9/2003,1.22784
5/8/2003,1.20771
5/7/2003,1.18423
5/6/2003,1.17417
5/5/2003,1.07957
5/2/2003,0.96952
5/1/2003,0.96348
4/30/2003,0.95409
4/29/2003,0.94336
4/28/2003,0.92994
4/25/2003,0.89572
4/24/2003,0.90176
4/23/2003,0.91115
4/22/2003,0.90646
4/21/2003,0.88163
4/17/2003,0.88029
4/16/2003,0.88834
4/15/2003,0.89841
4/14/2003,0.91115
4/11/2003,0.88566
4/10/2003,0.96416
4/9/2003,0.95208
4/8/2003,0.96952
4/7/2003,0.97221
4/4/2003,0.96685
4/3/2003,0.9702
4/2/2003,0.97959
4/1/2003,0.95007
3/31/2003,0.94873
3/28/2003,0.97757
3/27/2003,0.97221
3/26/2003,0.96685
3/25/2003,0.97624
3/24/2003,0.96416
3/21/2003,1.00643
3/20/2003,1.00039
3/19/2003,1.00308
3/18/2003,1.00643
3/17/2003,1.0071
3/14/2003,0.99166
3/13/2003,0.98764
3/12/2003,0.95409
3/11/2003,0.95477
3/10/2003,0.96416
3/7/2003,0.9749
3/6/2003,0.97691
3/5/2003,0.98094
3/4/2003,0.97691
3/3/2003,0.98295
2/28/2003,1.0071
2/27/2003,0.99704
2/26/2003,0.97288
2/25/2003,1.00777
2/24/2003,0.98899
2/21/2003,1.00643
2/20/2003,0.991
2/19/2003,0.99636
2/18/2003,1.02454
2/14/2003,0.98429
2/13/2003,0.97556
2/12/2003,0.9655
2/11/2003,0.96282
2/10/2003,0.96282
2/7/2003,0.94939
2/6/2003,0.96818
2/5/2003,0.96952
2/4/2003,0.97959
2/3/2003,0.98361
1/31/2003,0.96348
1/30/2003,0.96081
1/29/2003,1.00173
1/28/2003,0.97825
1/27/2003,0.94806
1/24/2003,0.92591
1/23/2003,0.95074
1/22/2003,0.93128
1/21/2003,0.94068
1/17/2003,0.94604
1/16/2003,0.98094
1/15/2003,0.96818
1/14/2003,0.98026
1/13/2003,0.9816
1/10/2003,0.98764
1/9/2003,0.98496
1/8/2003,0.97624
1/7/2003,0.99636
1/6/2003,0.99972
1/3/2003,0.99972
1/2/2003,0.99301
12/31/2002,0.96147
12/30/2002,0.94403
12/27/2002,0.94336
12/26/2002,0.96617
12/24/2002,0.96348
12/23/2002,0.97221
12/20/2002,0.94873
12/19/2002,0.95276
12/18/2002,0.97757
12/17/2002,1.01179
12/16/2002,0.99636
12/13/2002,0.99234
12/12/2002,1.01918
12/11/2002,1.03931
12/10/2002,1.02522
12/9/2002,0.98965
12/6/2002,1.00308
12/5/2002,0.9816
12/4/2002,1.00442
12/3/2002,1.01717
12/2/2002,1.01851
11/29/2002,1.03997
11/27/2002,1.05474
11/26/2002,1.03393
11/25/2002,1.07151
11/22/2002,1.07419
11/21/2002,1.09701
11/20/2002,1.04199
11/19/2002,1.02454
11/18/2002,1.05004
11/15/2002,1.07017
11/14/2002,1.09366
11/13/2002,1.04601
11/12/2002,1.04937
11/11/2002,1.01717
11/8/2002,1.06279
11/7/2002,1.07353
11/6/2002,1.15538
11/5/2002,1.13391
11/4/2002,1.13324
11/1/2002,1.09768
10/31/2002,1.07822
10/30/2002,1.07218
10/29/2002,1.03595
10/28/2002,1.04736
10/25/2002,1.03461
10/24/2002,0.98563
10/23/2002,0.99838
10/22/2002,0.9863
10/21/2002,0.97691
10/18/2002,0.96215
10/17/2002,0.94672
10/16/2002,0.97691
10/15/2002,1.01717
10/14/2002,0.991
10/11/2002,0.97355
10/10/2002,0.94672
10/9/2002,0.91182
10/8/2002,0.91786
10/7/2002,0.9239
10/4/2002,0.94134
10/3/2002,0.95946
10/2/2002,0.95074
10/1/2002,0.97355
9/30/2002,0.97288
9/27/2002,0.98764
9/26/2002,0.9863
9/25/2002,1.00173
9/24/2002,0.98227
9/23/2002,0.99636
9/20/2002,0.9977
9/19/2002,0.97825
9/18/2002,1.00777
9/17/2002,0.99301
9/16/2002,0.97288
9/13/2002,0.95074
9/12/2002,0.94873
9/11/2002,0.95879
9/10/2002,0.96147
9/9/2002,0.96416
9/6/2002,0.96483
9/5/2002,0.95141
9/4/2002,0.97154
9/3/2002,0.94269
8/30/2002,0.98965
8/29/2002,0.9863
8/28/2002,0.9863
8/27/2002,0.99636
8/26/2002,1.04199
8/23/2002,1.05541
8/22/2002,1.07151
8/21/2002,1.08158
8/20/2002,1.06749
8/19/2002,1.07218
8/16/2002,1.06078
8/15/2002,1.04736
8/14/2002,1.01783
8/13/2002,0.97892
8/12/2002,1.00575
8/9/2002,1.00643
8/8/2002,1.02656
8/7/2002,1.00844
8/6/2002,0.98899
8/5/2002,0.93867
8/2/2002,0.96952
8/1/2002,0.99301
7/31/2002,1.02387
7/30/2002,1.03528
7/29/2002,1.00777
7/26/2002,0.96215
7/25/2002,0.96348
7/24/2002,1.01984
7/23/2002,0.97087
7/22/2002,1.00106
7/19/2002,1.00374
7/18/2002,1.00575
7/17/2002,1.0487
7/16/2002,1.19832
7/15/2002,1.22314
7/12/2002,1.17483
7/11/2002,1.22784
7/10/2002,1.16209
7/9/2002,1.17618
7/8/2002,1.20839
7/5/2002,1.25736
7/3/2002,1.17752
7/2/2002,1.13659
7/1/2002,1.14464
6/28/2002,1.18892
6/27/2002,1.14464
6/26/2002,1.11042
6/25/2002,1.15002
6/24/2002,1.15873
6/21/2002,1.13055
6/20/2002,1.148
6/19/2002,1.14867
6/18/2002,1.35197
6/17/2002,1.37813
6/14/2002,1.34861
6/13/2002,1.31104
6/12/2002,1.34794
6/11/2002,1.37277
6/10/2002,1.44121
6/7/2002,1.43584
6/6/2002,1.48683
6/5/2002,1.52441
6/4/2002,1.52843
6/3/2002,1.53715
5/31/2002,1.56332
5/30/2002,1.6237
5/29/2002,1.60895
5/28/2002,1.60895
5/24/2002,1.62035
5/23/2002,1.68946
5/22/2002,1.63175
5/21/2002,1.57405
5/20/2002,1.65993
5/17/2002,1.67805
5/16/2002,1.69147
5/15/2002,1.69616
5/14/2002,1.71831
5/13/2002,1.60626
5/10/2002,1.56466
5/9/2002,1.62304
5/8/2002,1.63511
5/7/2002,1.50763
5/6/2002,1.51971
5/3/2002,1.57741
5/2/2002,1.58948
5/1/2002,1.60895
4/30/2002,1.6284
4/29/2002,1.6076
4/26/2002,1.54386
4/25/2002,1.61834
4/24/2002,1.59486
4/23/2002,1.62706
4/22/2002,1.64584
4/19/2002,1.67604
4/18/2002,1.70489
4/17/2002,1.75186
4/16/2002,1.72703
4/15/2002,1.67738
4/12/2002,1.68141
4/11/2002,1.66798
4/10/2002,1.65457
4/9/2002,1.617
4/8/2002,1.64786
4/5/2002,1.65993
4/4/2002,1.67067
4/3/2002,1.59351
4/2/2002,1.61499
4/1/2002,1.64115
3/28/2002,1.58814
3/27/2002,1.57473
3/26/2002,1.57405
3/25/2002,1.56668
3/22/2002,1.61632
3/21/2002,1.6284
3/20/2002,1.67201
3/19/2002,1.66732
3/18/2002,1.65993
3/15/2002,1.67402
3/14/2002,1.63914
3/13/2002,1.64317
3/12/2002,1.65859
3/11/2002,1.68141
3/8/2002,1.65457
3/7/2002,1.63578
3/6/2002,1.61499
3/5/2002,1.57875
3/4/2002,1.62974
3/1/2002,1.57338
2/28/2002,1.45597
2/27/2002,1.47341
2/26/2002,1.58814
2/25/2002,1.59753
2/22/2002,1.52575
2/21/2002,1.44254
2/20/2002,1.55191
2/19/2002,1.51769
2/15/2002,1.60357
2/14/2002,1.65054
2/13/2002,1.67805
2/12/2002,1.65792
2/11/2002,1.67604
2/8/2002,1.6123
2/7/2002,1.63041
2/6/2002,1.65524
2/5/2002,1.70758
2/4/2002,1.70086
2/1/2002,1.63779
1/31/2002,1.65859
1/30/2002,1.61632
1/29/2002,1.54789
1/28/2002,1.5613
1/25/2002,1.55996
1/24/2002,1.55728
1/23/2002,1.54454
1/22/2002,1.46402
1/18/2002,1.4875
1/17/2002,1.5083
1/16/2002,1.39424
1/15/2002,1.45597
1/14/2002,1.41906
1/11/2002,1.41235
1/10/2002,1.42443
1/9/2002,1.45261
1/8/2002,1.51702
1/7/2002,1.53648
1/4/2002,1.58948
1/3/2002,1.58211
1/2/2002,1.56332
